{
  "work_items": 96,
  "plaintext_bytes": 14495514624,
  "compressed_bytes": 10191229292,
  "ratio": 1.4223519271986957,
  "trials_raw": [
    2.81351671484299,
    3.0434327628463507,
    3.3845448300708085
  ],
  "trials_z": [
    3.262394184945151,
    3.3951708539389074,
    3.134376893984154
  ],
  "median_raw_s": 3.0434327628463507,
  "median_z_s": 3.262394184945151,
  "improvement": -0.07194554280016963,
  "speedup": 0.9328832110144035,
  "warm_decode_only_s": 1.8219484828878194,
  "warm_raw_pagecache_s": 3.5437758651096374,
  "gpu_interleave_ms_per_expert": 0.32301623839884996
}