{
  "work_items": 96,
  "plaintext_bytes": 14495514624,
  "compressed_bytes": 10191229292,
  "ratio": 1.4223519271986957,
  "trials_raw": [
    3.2936673040967435,
    3.669974433025345,
    3.410294944886118
  ],
  "trials_z": [
    9.863312717992812,
    10.824232195969671,
    11.04448386002332
  ],
  "median_raw_s": 3.410294944886118,
  "median_z_s": 10.824232195969671,
  "improvement": -2.1739871098835795,
  "speedup": 0.31506114088682596,
  "distinct_pairs_byte_verified": 396
}