{
  "nproc": 8,
  "experts": 768,
  "plaintext_bytes": 14495514624,
  "compressed_bytes": 10191229292,
  "ratio": 1.4223519271986957,
  "trials_raw": [
    2.169752288144082,
    2.1529817138798535,
    2.153604843886569
  ],
  "trials_z": [
    2.0065969189163297,
    2.0422932289075106,
    2.0103756019379944
  ],
  "median_raw_s": 2.153604843886569,
  "median_z_s": 2.0103756019379944,
  "improvement": 0.06650674210506125,
  "speedup": 1.0712450160111884
}